{
  "controller/View1-dbg.controller.js": 1748434296860,
  "manifest.json": 1748434296844,
  "controller/View1.controller.js": 1748434296860,
  "controller/App.controller.js": 1748434296848,
  "model/models.js": 1748434296848,
  "Component.js": 1748434296844,
  "controller/App-dbg.controller.js": 1748434296848,
  "controller/App.controller.js.map": 1748436368369,
  "i18n/i18n.properties": 1748434296844,
  "controller/View1.controller.js.map": 1748436368369,
  "model/models-dbg.js": 1748434296848,
  "model/models.js.map": 1748436368371,
  "Component-dbg.js": 1748434296844,
  "Component.js.map": 1748436368371,
  "Component-preload.js": 1748436368437,
  "Component-preload.js.map": 1748436368437,
  "view/View1.view.xml": 1748434296852,
  "view/App.view.xml": 1748434296852,
  "css/style.css": 1748434296852,
  "index.html": 1748434296844
}