{
  "model/models.js.map": 1748961114866,
  "controller/dashboard.controller.js": 1748959121770,
  "controller/profile.controller.js": 1748959121770,
  "controller/loanApplication.controller.js": 1748959572375,
  "model/models.js": 1748958997897,
  "controller/View1.controller.js": 1748958997893,
  "controller/LoanStatusPage.controller.js": 1748959121770,
  "controller/LoanStatusDetails.controller.js": 1748958997893,
  "controller/App.controller.js": 1748958997893,
  "controller/AdminAppliedLoans.controller.js": 1748960971260,
  "manifest.json": 1748959121770,
  "Component.js": 1748958997893,
  "model/models-dbg.js": 1748958997897,
  "i18n/i18n.properties": 1748958997893,
  "controller/profile-dbg.controller.js": 1748959121770,
  "controller/profile.controller.js.map": 1748961114872,
  "controller/loanApplication-dbg.controller.js": 1748959572375,
  "controller/loanApplication.controller.js.map": 1748961114906,
  "controller/dashboard-dbg.controller.js": 1748959121770,
  "controller/dashboard.controller.js.map": 1748961114873,
  "controller/View1-dbg.controller.js": 1748958997893,
  "controller/View1.controller.js.map": 1748961114875,
  "controller/LoanStatusPage-dbg.controller.js": 1748959121770,
  "controller/LoanStatusPage.controller.js.map": 1748961114881,
  "controller/LoanStatusDetails-dbg.controller.js": 1748958997893,
  "controller/LoanStatusDetails.controller.js.map": 1748961114885,
  "controller/App-dbg.controller.js": 1748958997893,
  "controller/App.controller.js.map": 1748961114876,
  "controller/AdminAppliedLoans-dbg.controller.js": 1748960971260,
  "controller/AdminAppliedLoans.controller.js.map": 1748961114900,
  "Component-dbg.js": 1748958997893,
  "Component.js.map": 1748961114884,
  "Component-preload.js": 1748961115144,
  "Component-preload.js.map": 1748961115144,
  "view/profile.view.xml": 1748958997897,
  "view/loanApplication.view.xml": 1748958997897,
  "view/dashboard.view.xml": 1748958997897,
  "view/View1.view.xml": 1748958997897,
  "view/LoanStatusPage.view.xml": 1748958997897,
  "view/LoanStatusDetails.view.xml": 1748958997897,
  "view/App.view.xml": 1748958997897,
  "view/AdminAppliedLoans.view.xml": 1748960939076,
  "images/loginPage.jpg": 1748958997897,
  "images/loanstatus.png": 1748958997893,
  "images/LTIMindtree.png": 1748958997893,
  "css/style.css": 1748959121770,
  "index.html": 1748959821042
}