{
  "controller/View1.controller.js": 1749549229640,
  "controller/LoanStatusDetails.controller.js": 1748958997893,
  "controller/profile.controller.js": 1748959121770,
  "controller/loanApplication.controller.js": 1749538215448,
  "controller/dashboard.controller.js": 1748959121770,
  "i18n/i18n.properties": 1748958997893,
  "controller/LoanStatusPage.controller.js": 1748959121770,
  "model/models.js": 1748958997897,
  "controller/App.controller.js": 1748958997893,
  "controller/AdminAppliedLoans.controller.js": 1749538159112,
  "manifest.json": 1749544296721,
  "Component.js": 1748958997893,
  "controller/AdminAppliedLoans-dbg.controller.js": 1749538159112,
  "controller/AdminAppliedLoans.controller.js.map": 1749549694338,
  "controller/profile-dbg.controller.js": 1748959121770,
  "controller/profile.controller.js.map": 1749549694266,
  "controller/loanApplication-dbg.controller.js": 1749538215448,
  "controller/loanApplication.controller.js.map": 1749549694338,
  "controller/dashboard-dbg.controller.js": 1748959121770,
  "controller/dashboard.controller.js.map": 1749549694272,
  "controller/View1-dbg.controller.js": 1749549229640,
  "controller/View1.controller.js.map": 1749549694325,
  "controller/LoanStatusPage-dbg.controller.js": 1748959121770,
  "controller/LoanStatusPage.controller.js.map": 1749549694323,
  "model/models-dbg.js": 1748958997897,
  "model/models.js.map": 1749549694325,
  "controller/App-dbg.controller.js": 1748958997893,
  "controller/App.controller.js.map": 1749549694326,
  "controller/LoanStatusDetails-dbg.controller.js": 1748958997893,
  "controller/LoanStatusDetails.controller.js.map": 1749549694331,
  "Component-dbg.js": 1748958997893,
  "Component.js.map": 1749549694327,
  "Component-preload.js": 1749549694443,
  "Component-preload.js.map": 1749549694443,
  "view/profile.view.xml": 1748958997897,
  "view/loanApplication.view.xml": 1748958997897,
  "view/dashboard.view.xml": 1748958997897,
  "view/View1.view.xml": 1749547608096,
  "view/LoanStatusPage.view.xml": 1748958997897,
  "view/LoanStatusDetails.view.xml": 1748958997897,
  "view/App.view.xml": 1748958997897,
  "view/AdminAppliedLoans.view.xml": 1749469604612,
  "images/loginPage.jpg": 1748958997897,
  "images/loanstatus.png": 1748958997893,
  "images/LTIMindtree.png": 1748958997893,
  "css/style.css": 1749469604612,
  "index.html": 1748959821042
}