{
  "controller/loanApplication-dbg.controller.js": 1749205425550,
  "controller/LoanStatusDetails.controller.js": 1748958997893,
  "controller/profile.controller.js": 1748959121770,
  "controller/loanApplication.controller.js": 1749205425550,
  "controller/dashboard.controller.js": 1748959121770,
  "controller/View1.controller.js": 1748958997893,
  "controller/LoanStatusPage.controller.js": 1748959121770,
  "model/models.js": 1748958997897,
  "controller/App.controller.js": 1748958997893,
  "controller/AdminAppliedLoans.controller.js": 1748960971260,
  "manifest.json": 1748959121770,
  "Component.js": 1748958997893,
  "controller/View1-dbg.controller.js": 1748958997893,
  "controller/View1.controller.js.map": 1749453800194,
  "controller/profile-dbg.controller.js": 1748959121770,
  "controller/profile.controller.js.map": 1749453800196,
  "i18n/i18n.properties": 1748958997893,
  "controller/loanApplication.controller.js.map": 1749453800223,
  "controller/dashboard-dbg.controller.js": 1748959121770,
  "controller/dashboard.controller.js.map": 1749453800198,
  "controller/LoanStatusDetails-dbg.controller.js": 1748958997893,
  "controller/LoanStatusDetails.controller.js.map": 1749453800206,
  "controller/LoanStatusPage-dbg.controller.js": 1748959121770,
  "controller/LoanStatusPage.controller.js.map": 1749453800203,
  "model/models-dbg.js": 1748958997897,
  "model/models.js.map": 1749453800200,
  "controller/App-dbg.controller.js": 1748958997893,
  "controller/App.controller.js.map": 1749453800202,
  "controller/AdminAppliedLoans-dbg.controller.js": 1748960971260,
  "controller/AdminAppliedLoans.controller.js.map": 1749453800226,
  "Component-dbg.js": 1748958997893,
  "Component.js.map": 1749453800207,
  "Component-preload.js": 1749453800329,
  "Component-preload.js.map": 1749453800329,
  "view/profile.view.xml": 1748958997897,
  "view/loanApplication.view.xml": 1748958997897,
  "view/dashboard.view.xml": 1748958997897,
  "view/View1.view.xml": 1748958997897,
  "view/LoanStatusPage.view.xml": 1748958997897,
  "view/LoanStatusDetails.view.xml": 1748958997897,
  "view/App.view.xml": 1748958997897,
  "view/AdminAppliedLoans.view.xml": 1749453230855,
  "images/loginPage.jpg": 1748958997897,
  "images/loanstatus.png": 1748958997893,
  "images/LTIMindtree.png": 1748958997893,
  "css/style.css": 1749027213559,
  "index.html": 1748959821042
}