{
  "controller/LoanStatusPage.controller.js": 1748438575174,
  "controller/App.controller.js": 1748434296848,
  "controller/profile.controller.js": 1748438566286,
  "controller/loanApplication.controller.js": 1748438598786,
  "controller/dashboard.controller.js": 1748438605834,
  "controller/View1.controller.js": 1748437898219,
  "i18n/i18n.properties": 1748434296844,
  "controller/LoanStatusDetails.controller.js": 1748438581502,
  "controller/LoanDetails.controller.js": 1748438588494,
  "model/models.js": 1748434296848,
  "controller/AdminAppliedLoans.controller.js": 1748438616526,
  "manifest.json": 1748439193324,
  "Component.js": 1748434296844,
  "Component-dbg.js": 1748434296844,
  "Component.js.map": 1748501268723,
  "controller/profile-dbg.controller.js": 1748438566286,
  "controller/profile.controller.js.map": 1748501268725,
  "controller/loanApplication-dbg.controller.js": 1748438598786,
  "controller/loanApplication.controller.js.map": 1748501268750,
  "controller/dashboard-dbg.controller.js": 1748438605834,
  "controller/dashboard.controller.js.map": 1748501268727,
  "controller/View1-dbg.controller.js": 1748437898219,
  "controller/View1.controller.js.map": 1748501268729,
  "controller/LoanStatusPage-dbg.controller.js": 1748438575174,
  "controller/LoanStatusPage.controller.js.map": 1748501268731,
  "controller/LoanStatusDetails-dbg.controller.js": 1748438581502,
  "controller/LoanStatusDetails.controller.js.map": 1748501268735,
  "controller/LoanDetails-dbg.controller.js": 1748438588494,
  "controller/LoanDetails.controller.js.map": 1748501268735,
  "model/models-dbg.js": 1748434296848,
  "model/models.js.map": 1748501268733,
  "controller/AdminAppliedLoans-dbg.controller.js": 1748438616526,
  "controller/AdminAppliedLoans.controller.js.map": 1748501268753,
  "controller/App-dbg.controller.js": 1748434296848,
  "controller/App.controller.js.map": 1748501268741,
  "Component-preload.js": 1748501269018,
  "Component-preload.js.map": 1748501269018,
  "view/profile.view.xml": 1748438686254,
  "view/loanApplication.view.xml": 1748438652974,
  "view/dashboard.view.xml": 1748438646410,
  "view/View1.view.xml": 1748437810299,
  "view/LoanStatusPage.view.xml": 1748438678546,
  "view/LoanStatusDetails.view.xml": 1748438671562,
  "view/LoanDetails.view.xml": 1748438660478,
  "view/App.view.xml": 1748434296852,
  "view/AdminAppliedLoans.view.xml": 1748438630770,
  "images/loanstatus.png": 1748438887243,
  "images/Tiny students sitting near books getting university degree.jpg": 1748438887243,
  "images/LTIMindtree.png": 1748438887223,
  "css/style.css": 1748438831099,
  "index.html": 1748434296844
}