{
  "Component.js": 1748434296844,
  "controller/View1.controller.js": 1748437898219,
  "controller/profile.controller.js": 1748438566286,
  "controller/loanApplication.controller.js": 1748601281801,
  "controller/dashboard.controller.js": 1748438605834,
  "model/models.js": 1748434296848,
  "controller/LoanStatusPage.controller.js": 1748590605953,
  "controller/LoanStatusDetails.controller.js": 1748589979181,
  "controller/App.controller.js": 1748434296848,
  "controller/AdminAppliedLoans.controller.js": 1748597700822,
  "manifest.json": 1748844290262,
  "i18n/i18n.properties": 1748434296844,
  "controller/LoanStatusPage-dbg.controller.js": 1748590605953,
  "controller/LoanStatusPage.controller.js.map": 1748844294746,
  "controller/profile-dbg.controller.js": 1748438566286,
  "controller/profile.controller.js.map": 1748844294734,
  "controller/loanApplication-dbg.controller.js": 1748601281801,
  "controller/loanApplication.controller.js.map": 1748844294775,
  "controller/dashboard-dbg.controller.js": 1748438605834,
  "controller/dashboard.controller.js.map": 1748844294738,
  "model/models-dbg.js": 1748434296848,
  "model/models.js.map": 1748844294737,
  "controller/View1-dbg.controller.js": 1748437898219,
  "controller/View1.controller.js.map": 1748844294743,
  "controller/LoanStatusDetails-dbg.controller.js": 1748589979181,
  "controller/LoanStatusDetails.controller.js.map": 1748844294751,
  "controller/App-dbg.controller.js": 1748434296848,
  "controller/App.controller.js.map": 1748844294746,
  "controller/AdminAppliedLoans-dbg.controller.js": 1748597700822,
  "controller/AdminAppliedLoans.controller.js.map": 1748844294770,
  "Component-dbg.js": 1748434296844,
  "Component.js.map": 1748844294750,
  "Component-preload.js": 1748844294996,
  "Component-preload.js.map": 1748844294996,
  "view/profile.view.xml": 1748438686254,
  "view/loanApplication.view.xml": 1748438652974,
  "view/dashboard.view.xml": 1748438646410,
  "view/View1.view.xml": 1748602419600,
  "view/LoanStatusPage.view.xml": 1748438678546,
  "view/LoanStatusDetails.view.xml": 1748590222511,
  "view/App.view.xml": 1748434296852,
  "view/AdminAppliedLoans.view.xml": 1748438630770,
  "css/style.css": 1748438831099,
  "images/loginPage.jpg": 1748438887243,
  "images/loanstatus.png": 1748438887243,
  "images/LTIMindtree.png": 1748438887223,
  "index.html": 1748434296844
}