{
  "controller/LoanStatusPage.controller.js.map": 1748841344423,
  "controller/LoanStatusPage.controller.js": 1748841181464,
  "controller/profile.controller.js": 1748841181464,
  "controller/loanApplication.controller.js": 1748841181464,
  "controller/dashboard.controller.js": 1748841181464,
  "controller/View1.controller.js": 1748841181464,
  "model/models.js": 1748841181468,
  "controller/LoanStatusDetails.controller.js": 1748841181464,
  "controller/App.controller.js": 1748841181464,
  "controller/AdminAppliedLoans.controller.js": 1748841181464,
  "manifest.json": 1748841181468,
  "Component.js": 1748841181464,
  "controller/LoanStatusPage-dbg.controller.js": 1748841181464,
  "i18n/i18n.properties": 1748841181464,
  "controller/profile-dbg.controller.js": 1748841181464,
  "controller/profile.controller.js.map": 1748841344421,
  "controller/loanApplication-dbg.controller.js": 1748841181464,
  "controller/loanApplication.controller.js.map": 1748841344459,
  "controller/dashboard-dbg.controller.js": 1748841181464,
  "controller/dashboard.controller.js.map": 1748841344434,
  "controller/View1-dbg.controller.js": 1748841181464,
  "controller/View1.controller.js.map": 1748841344427,
  "model/models-dbg.js": 1748841181468,
  "model/models.js.map": 1748841344427,
  "controller/LoanStatusDetails-dbg.controller.js": 1748841181464,
  "controller/LoanStatusDetails.controller.js.map": 1748841344437,
  "controller/App-dbg.controller.js": 1748841181464,
  "controller/App.controller.js.map": 1748841344429,
  "controller/AdminAppliedLoans-dbg.controller.js": 1748841181464,
  "controller/AdminAppliedLoans.controller.js.map": 1748841344454,
  "Component-dbg.js": 1748841181464,
  "Component.js.map": 1748841344438,
  "Component-preload.js": 1748841344684,
  "Component-preload.js.map": 1748841344684,
  "view/profile.view.xml": 1748841181468,
  "view/loanApplication.view.xml": 1748841181468,
  "view/dashboard.view.xml": 1748841181468,
  "view/View1.view.xml": 1748841181468,
  "view/LoanStatusPage.view.xml": 1748841181468,
  "view/LoanStatusDetails.view.xml": 1748841181468,
  "view/App.view.xml": 1748841181468,
  "view/AdminAppliedLoans.view.xml": 1748841181468,
  "images/loginPage.jpg": 1748841181468,
  "images/loanstatus.png": 1748841181464,
  "images/LTIMindtree.png": 1748841181464,
  "css/style.css": 1748841181464,
  "index.html": 1748841181468
}